architecture,condition,operating_point,metric,mean_percent,sample_sd_percent,seed1,seed2,seed3
frame,original,original_dev_eer,genuine_fpr,2.889505316689783,1.225621127969129,3.2741411063868493,3.8766740183260957,1.517700825356404
frame,original,original_dev_eer,gg_raw_fpr,25.63190165450232,0.8104180982112267,26.326140833541757,25.828198540278756,24.741365589686456
frame,original,original_dev_eer,gg_minus_genuine_fpr,22.74239633781254,0.6902723325530377,23.051999727154907,21.951524521952663,23.223664764330053
frame,original,original_dev_eer,gf_raw_fnr_core,8.976725110222496,1.935198404511919,7.259304829283297,11.073515841279606,8.597354660104584
frame,original,original_dev_eer,gf_smooth50_fnr_core,7.182405413718856,0.5461482898974073,7.167025530605968,7.736081205782836,6.644109504767763
frame,original,dev_fpr_0.001,genuine_fpr,0.08564304282910044,0.06334160719487453,0.09208521861713012,0.14551738250608218,0.01932652736408904
frame,original,dev_fpr_0.001,gg_raw_fpr,1.78561954783505,0.10600419392588574,1.6632182078624862,1.8462517905459175,1.8473886450967463
frame,original,dev_fpr_0.001,gg_minus_genuine_fpr,1.6999765050059497,0.12846624100933138,1.5711329892453563,1.7007344080398352,1.8280621177326575
frame,original,dev_fpr_0.001,gf_raw_fnr_core,76.03814211011996,2.9371550322260034,79.2832974469394,73.56198092894493,75.26914795447554
frame,original,dev_fpr_0.001,gf_smooth50_fnr_core,74.67958576848149,1.808057733049054,76.02276222700708,72.62380805905875,75.39218701937865
frame,original,dev_fpr_0.005,genuine_fpr,0.2902768619782785,0.15905539130959645,0.2762556558513904,0.4558786748823355,0.13869625520110956
frame,original,dev_fpr_0.005,gg_raw_fpr,5.564524074789871,0.39209507504542623,5.189741024533321,5.971896955503513,5.5319342443327795
frame,original,dev_fpr_0.005,gg_minus_genuine_fpr,5.274247212811593,0.3184031738683489,4.913485368681931,5.516018280621178,5.39323798913167
frame,original,dev_fpr_0.005,gf_raw_fnr_core,47.57510509586794,1.3469769181232816,47.50845893571209,48.95416794832359,46.262688403568134
frame,original,dev_fpr_0.005,gf_smooth50_fnr_core,46.78560442940634,1.7722938085524484,46.43186711780991,48.70808981851738,45.21685635189173
frame,original,dev_fpr_0.01,genuine_fpr,0.5923012209817876,0.2785896813167375,0.6661967667856574,0.8264932584525135,0.28421363770719177
frame,original,dev_fpr_0.01,gg_raw_fpr,9.071341412579676,0.2767542367409985,9.007298606216322,9.374502626134012,8.832223005388691
frame,original,dev_fpr_0.01,gg_minus_genuine_fpr,8.479040191597887,0.11945811713297982,8.341101839430664,8.548009367681498,8.5480093676815
frame,original,dev_fpr_0.01,gf_raw_fnr_core,33.902389008510205,2.3245681290173055,32.912949861581055,36.55798215933559,32.23623500461397
frame,original,dev_fpr_0.01,gf_smooth50_fnr_core,33.00522916025838,1.6458630847950462,31.80559827745309,34.881574900030756,32.32851430329129
frame,original,dev_fpr_0.02,genuine_fpr,1.1910446177516048,0.5780067873526724,1.3994679520702122,1.6359336986425956,0.5377322025420067
frame,original,dev_fpr_0.02,gg_raw_fpr,14.390683855907476,0.29637327899261,14.680202814851867,14.403947159000477,14.08790159387008
frame,original,dev_fpr_0.02,gg_minus_genuine_fpr,13.19963923815587,0.39733405383637543,13.280734862781655,12.76801346035788,13.550169391328074
frame,original,dev_fpr_0.02,gf_raw_fnr_core,21.29601148364606,2.8222958561947347,19.178714241771765,24.50015379883113,20.209166410335282
frame,original,dev_fpr_0.02,gf_smooth50_fnr_core,20.352711986055574,2.312938754701895,19.270993540449094,23.00830513688096,18.778837280836665
frame,original,dev_fpr_0.05,genuine_fpr,2.629923527583881,1.0733570765212754,3.0126645596962325,3.459448398171938,1.4176576248834722
frame,original,dev_fpr_0.05,gg_raw_fpr,24.243802247940398,0.6285369872059539,24.951683681589778,24.028557786316817,23.751165275914598
frame,original,dev_fpr_0.05,gg_minus_genuine_fpr,21.613878720356517,0.9260467148328674,21.939019121893548,20.56910938814488,22.333507651031127
frame,original,dev_fpr_0.05,gf_raw_fnr_core,9.899518096995797,2.307614664394182,8.059058751153492,12.488465087665332,9.151030452168564
frame,original,dev_fpr_0.05,gf_smooth50_fnr_core,8.156464677535118,0.9463732524866398,8.012919101814827,9.166410335281453,7.290064595509074
frame,original,dev_fpr_0.1,genuine_fpr,4.843000386530548,1.6456325990891962,5.622882608399082,5.953707282690253,2.9524112685023076
frame,original,dev_fpr_0.1,gg_raw_fpr,34.45124030831495,1.0187149308738426,35.61765307746526,33.73615879584366,33.99990905163593
frame,original,dev_fpr_0.1,gg_minus_genuine_fpr,29.608239921784406,1.6664891791621101,29.994770469066186,27.782451513153404,31.047497783133625
frame,original,dev_fpr_0.1,gf_raw_fnr_core,4.819030042038347,0.8695189810050934,3.9680098431251922,5.705936634881574,4.7831436481082745
frame,original,dev_fpr_0.1,gf_smooth50_fnr_core,3.383574284835435,0.07047947854438412,3.368194401722547,3.460473700399877,3.3220547523838815
frame,original,dev_fpr_0.2,genuine_fpr,10.110047520520226,2.1916208788024423,11.385598326550102,11.365134944635184,7.57940929037539
frame,original,dev_fpr_0.2,gg_raw_fpr,48.73581773947841,1.346866568636127,50.26261340124144,47.71605920738501,48.22878060980878
frame,original,dev_fpr_0.2,gg_minus_genuine_fpr,38.62577021895819,2.1602094245529018,38.87701507469134,36.35092426274983,40.64937131943339
frame,original,dev_fpr_0.2,gf_raw_fnr_core,1.9481185276325232,0.075867161831994,1.9840049215625961,1.8609658566594893,1.9993848046754845
frame,original,dev_fpr_0.2,gf_smooth50_fnr_core,0.8458935712088588,0.23223114227224703,0.8766533374346355,0.5998154414026453,1.0612119347892957
frame,augmentation,original_dev_eer,genuine_fpr,2.380194477918495,0.23557133272235448,2.5795229758304723,2.4408267206293623,2.1202337372956506
frame,augmentation,original_dev_eer,gg_raw_fpr,5.483049498647143,0.6308139456240115,4.769104840726677,5.9650758281985405,5.714967827016212
frame,augmentation,original_dev_eer,gg_minus_genuine_fpr,3.102855020728648,0.7917025489729917,2.1895818648962053,3.524249107569178,3.594734089720561
frame,augmentation,original_dev_eer,gf_raw_fnr_core,22.31108376909669,1.933302899155723,23.869578591202707,22.91602583820363,20.14764687788373
frame,augmentation,original_dev_eer,gf_smooth50_fnr_core,20.716702553060596,1.3078327713501936,21.931713318978776,20.88588126730237,19.332513072900646
frame,augmentation,dev_fpr_0.001,genuine_fpr,0.04623208506703652,0.006852633834316757,0.05343216388895204,0.039789909279006844,0.04547418203315068
frame,augmentation,dev_fpr_0.001,gg_raw_fpr,0.19288632212394746,0.0500904531255415,0.13528569154862327,0.22623405561492463,0.2171392192082945
frame,augmentation,dev_fpr_0.001,gg_minus_genuine_fpr,0.14665423705691094,0.05660348461610515,0.08185352765967123,0.1864441463359178,0.1716650371751438
frame,augmentation,dev_fpr_0.001,gf_raw_fnr_core,63.58043678868041,5.303451139526671,61.0888957243925,69.67087050138419,59.98154414026453
frame,augmentation,dev_fpr_0.001,gf_smooth50_fnr_core,62.47308520455245,3.3273196144813175,60.1661027376192,66.28729621654875,60.96585665948939
frame,augmentation,dev_fpr_0.005,genuine_fpr,0.38122522604457987,0.025173906429658832,0.39903594734089726,0.3524249107569178,0.3922148200359246
frame,augmentation,dev_fpr_0.005,gg_raw_fpr,1.053864168618267,0.22338830325899817,0.8776517132398082,0.9788317682635683,1.3051090243514245
frame,augmentation,dev_fpr_0.005,gg_minus_genuine_fpr,0.6726389425736872,0.2207996711628485,0.4786157658989109,0.6264068575066506,0.9128942043154998
frame,augmentation,dev_fpr_0.005,gf_raw_fnr_core,42.31005844355583,4.341133773634072,42.09474007997539,46.75484466318056,38.08059058751154
frame,augmentation,dev_fpr_0.005,gf_smooth50_fnr_core,41.93068799343792,2.0774990654746515,41.84866195016918,44.04798523531221,39.895416794832364
frame,augmentation,dev_fpr_0.01,genuine_fpr,0.7165973185390662,0.06467426886819415,0.7764716582160478,0.6480070939723972,0.7253132034287534
frame,augmentation,dev_fpr_0.01,gg_raw_fpr,1.780693178114792,0.29307998604422336,1.5358904981696642,1.7007344080398354,2.1054546281348765
frame,augmentation,dev_fpr_0.01,gg_minus_genuine_fpr,1.064095859575726,0.31051741444835057,0.7594188399536164,1.0527273140674385,1.380141424706123
frame,augmentation,dev_fpr_0.01,gf_raw_fnr_core,35.01486722034246,3.234946766446713,35.43525069209474,38.01907105505998,31.590279913872653
frame,augmentation,dev_fpr_0.01,gf_smooth50_fnr_core,34.49707782220855,1.9080355141026493,34.89695478314365,36.17348508151338,32.420793601968626
frame,augmentation,dev_fpr_0.02,genuine_fpr,1.2111290481495798,0.14988095402388138,1.3733202974011505,1.0777381141856712,1.1823287328619176
frame,augmentation,dev_fpr_0.02,gg_raw_fpr,2.916789825909673,0.33557499497908017,2.560196448466383,2.9637798140105955,3.226393215252041
frame,augmentation,dev_fpr_0.02,gg_minus_genuine_fpr,1.7056607777600934,0.45617531347455287,1.1868761510652326,1.8860416998249245,2.044064482390123
frame,augmentation,dev_fpr_0.02,gf_raw_fnr_core,29.062852455654667,2.4826167748384713,30.052291602583818,30.89818517379268,26.238080590587508
frame,augmentation,dev_fpr_0.02,gf_smooth50_fnr_core,28.22208551215011,1.7055035249888606,29.252537680713626,29.160258382036297,26.2534604737004
frame,augmentation,dev_fpr_0.05,genuine_fpr,2.14221292527834,0.20984232810088885,2.3555626293172054,2.1350128464564246,1.93606330006139
frame,augmentation,dev_fpr_0.05,gg_raw_fpr,4.999886314544917,0.5677891418173612,4.3484686569200335,5.389827425479185,5.261362861235534
frame,augmentation,dev_fpr_0.05,gg_minus_genuine_fpr,2.8576733892665773,0.7497392716980893,1.992906027602828,3.25481457902276,3.3252995611741434
frame,augmentation,dev_fpr_0.05,gf_raw_fnr_core,23.208243617348508,1.9653179889676844,24.79237157797601,23.82343894186404,21.008920332205474
frame,augmentation,dev_fpr_0.05,gf_smooth50_fnr_core,21.71639495539834,1.337519384881383,22.808366656413412,22.116271916333435,20.22454629344817
frame,augmentation,dev_fpr_0.1,genuine_fpr,3.3965424463594127,0.39648417063136604,3.619744889838794,3.6311134353470815,2.9387690138923626
frame,augmentation,dev_fpr_0.1,gg_raw_fpr,7.552503732672442,0.8461171900975232,6.623314613128397,8.27857483913508,7.755621745753848
frame,augmentation,dev_fpr_0.1,gg_minus_genuine_fpr,4.155961286313028,1.0015877851702795,3.003569723289602,4.647461403787998,4.816852731861484
frame,augmentation,dev_fpr_0.1,gf_raw_fnr_core,19.38377934994361,1.680376871728628,20.685942786834822,19.978468163641956,17.486927099354045
frame,augmentation,dev_fpr_0.1,gf_smooth50_fnr_core,17.379267917563826,0.8802884048756796,18.394340203014455,16.825592125499846,16.917871424177175
frame,augmentation,dev_fpr_0.2,genuine_fpr,5.887769718742184,0.711886119588373,6.111730065255451,6.460744412359882,5.090834678611218
frame,augmentation,dev_fpr_0.2,gg_raw_fpr,11.864971995482898,1.2191286703763646,10.563652486300903,12.980605261362863,12.05065823878493
frame,augmentation,dev_fpr_0.2,gg_minus_genuine_fpr,5.977202276740714,1.339123136775516,4.451922421045451,6.51986084900298,6.959823560173711
frame,augmentation,dev_fpr_0.2,gf_raw_fnr_core,14.744181277555624,1.5525558429452697,15.825899723162104,15.441402645339897,12.965241464164873
frame,augmentation,dev_fpr_0.2,gf_smooth50_fnr_core,13.267712498718343,0.7110320290202312,13.934174100276838,12.519224853891112,13.34973854198708
frame,consistency,original_dev_eer,genuine_fpr,3.2313195849722987,0.7795219689989638,2.8228098497078284,2.740956322048157,4.130192583160911
frame,consistency,original_dev_eer,gg_raw_fpr,6.412617569708131,0.3637443076703578,6.251563175007389,6.157204247288601,6.829085286828403
frame,consistency,original_dev_eer,gg_minus_genuine_fpr,3.1812979847358323,0.4178220167243797,3.4287533252995606,3.416247925240444,2.698892703667492
frame,consistency,original_dev_eer,gf_raw_fnr_core,20.51676407259305,3.0691634789036772,17.948323592740696,23.915718240541374,19.68625038449708
frame,consistency,original_dev_eer,gf_smooth50_fnr_core,19.599097713524046,1.2111434167964144,18.809597047062443,20.99354044909259,18.994155644417102
frame,consistency,dev_fpr_0.001,genuine_fpr,0.05456901843978081,0.033319730996914224,0.028421363770719174,0.09208521861713012,0.04320047293149314
frame,consistency,dev_fpr_0.001,gg_raw_fpr,0.22017083134383786,0.0601602690155953,0.27284509219890407,0.2330551829198972,0.15461221891271232
frame,consistency,dev_fpr_0.001,gg_minus_genuine_fpr,0.16560181290405704,0.06984334501407868,0.24442372842818486,0.1409699643027671,0.11141174598121915
frame,consistency,dev_fpr_0.001,gf_raw_fnr_core,61.3452271096073,9.671199389178526,51.230390649031065,70.50138418948016,62.30390649031068
frame,consistency,dev_fpr_0.001,gf_smooth50_fnr_core,59.40736183738337,9.14828147752782,49.00030759766226,66.17963703475853,63.04214087972932
frame,consistency,dev_fpr_0.005,genuine_fpr,0.3573512804771758,0.07085380055033776,0.28080307405470545,0.4206361838066438,0.37061458357017807
frame,consistency,dev_fpr_0.005,gg_raw_fpr,1.1000962536853036,0.2008868421453251,1.3255724062663423,1.034537641254178,0.9401787135353903
frame,consistency,dev_fpr_0.005,gg_minus_genuine_fpr,0.7427449732081278,0.26249854233057957,1.044769332211637,0.6139014574475342,0.5695641299652123
frame,consistency,dev_fpr_0.005,gf_raw_fnr_core,42.44847739157183,6.273993292046988,35.758228237465396,48.200553675792065,43.386650261458016
frame,consistency,dev_fpr_0.005,gf_smooth50_fnr_core,40.20301445709013,5.171003980908017,34.32789910796678,44.063365118425104,42.2177791448785
frame,consistency,dev_fpr_0.01,genuine_fpr,0.7734400460805044,0.14363262329410992,0.6525545121757123,0.7355448943862123,0.9322207316795889
frame,consistency,dev_fpr_0.01,gg_raw_fpr,1.975474257823454,0.2766374624677687,2.294172483572452,1.8348832450376298,1.7973670448602805
frame,consistency,dev_fpr_0.01,gg_minus_genuine_fpr,1.2020342117429497,0.39829246655842393,1.6416179713967396,1.0993383506514176,0.8651463131806916
frame,consistency,dev_fpr_0.01,gf_raw_fnr_core,34.94822106018661,4.537204543364034,30.390649031067362,39.464780067671484,34.98923408182098
frame,consistency,dev_fpr_0.01,gf_smooth50_fnr_core,32.795037424382244,2.88126967220824,29.652414641648722,35.31221162719163,33.42048600430637
frame,consistency,dev_fpr_0.02,genuine_fpr,1.457826485679422,0.25793657287047644,1.3517200609354039,1.2698665332757326,1.75189286282713
frame,consistency,dev_fpr_0.02,gg_raw_fpr,3.2707305427343627,0.23115079603869965,3.520838543916691,3.0649598690343556,3.226393215252041
frame,consistency,dev_fpr_0.02,gg_minus_genuine_fpr,1.8129040570549404,0.3476514104231855,2.1691184829812875,1.795093335758623,1.474500352424911
frame,consistency,dev_fpr_0.02,gf_raw_fnr_core,28.268225161488772,3.7910397972894114,24.623192863734236,32.1900953552753,27.991387265456787
frame,consistency,dev_fpr_0.02,gf_smooth50_fnr_core,26.68922382856557,1.5797418571106152,25.05382959089511,28.20670562903722,26.80713626576438
frame,consistency,dev_fpr_0.05,genuine_fpr,2.9046633773674997,0.6697482160960783,2.5738387030763286,2.4647006661967668,3.6754507628294033
frame,consistency,dev_fpr_0.05,gg_raw_fpr,5.853285130700378,0.3168997779237153,5.732020645278643,5.61492462654328,6.212910120279211
frame,consistency,dev_fpr_0.05,gg_minus_genuine_fpr,2.948621753332879,0.35609931088115654,3.158181942202315,3.1502239603465134,2.537459357449808
frame,consistency,dev_fpr_0.05,gf_raw_fnr_core,21.47544345329642,3.1269739502087406,18.84035681328822,24.930790525992002,20.655183020609044
frame,consistency,dev_fpr_0.05,gf_smooth50_fnr_core,20.568030349636008,1.1626147273390253,19.76314980006152,21.900953552753,20.039987696093508
frame,consistency,dev_fpr_0.1,genuine_fpr,4.6527667250252005,1.2221568892071737,3.951706418680794,3.9426115822741634,6.063982174120643
frame,consistency,dev_fpr_0.1,gg_raw_fpr,8.95538224839514,0.7397021982259465,8.559377913189786,8.497987767445032,9.808781064550601
frame,consistency,dev_fpr_0.1,gg_minus_genuine_fpr,4.30261552336994,0.4837904989073951,4.607671494508992,4.555376185170869,3.7447988904299576
frame,consistency,dev_fpr_0.1,gf_raw_fnr_core,17.369014662155234,2.952950908237364,15.026145801291909,20.685942786834822,16.394955398338972
frame,consistency,dev_fpr_0.1,gf_smooth50_fnr_core,16.036091459038246,1.7646251721663455,14.93386650261458,18.071362657643803,15.103045216856351
frame,consistency,dev_fpr_0.2,genuine_fpr,7.9576029042844265,2.087886954078312,6.679020486119006,6.826811577726747,10.366976649007526
frame,consistency,dev_fpr_0.2,gg_raw_fpr,14.481632219973777,1.8801035536564643,13.534253427616472,13.263682044519223,16.646961187785635
frame,consistency,dev_fpr_0.2,gg_minus_genuine_fpr,6.524029315689352,0.2973637165384563,6.855232941497466,6.436870466792477,6.279984538778111
frame,consistency,dev_fpr_0.2,gf_raw_fnr_core,13.170306572336717,2.657309719404631,11.042756075053829,16.14887726853276,12.319286373423562
frame,consistency,dev_fpr_0.2,gf_smooth50_fnr_core,11.745104070542398,1.2818312195648232,11.273454321747154,13.195939710858198,10.76591817902184
phone,original,original_dev_eer,genuine_fpr,2.369962786961036,0.6210435001041951,2.565880721220527,2.869420886291808,1.674586753370774
phone,original,original_dev_eer,gg_raw_fpr,27.799504331415836,2.99798331241297,27.20947681953571,31.04863463768445,25.14040153702735
phone,original,original_dev_eer,gg_minus_genuine_fpr,25.429541544454803,2.453021634738381,24.643596098315186,28.179213751392645,23.465814783656576
phone,original,original_dev_eer,gf_raw_fnr_core,13.119040295293756,1.2093518076359115,13.44201784066441,14.134112580744388,11.78099046447247
phone,original,original_dev_eer,gf_smooth50_fnr_core,14.759561160668513,1.2263789309859212,13.73423561980929,16.118117502306983,14.426330359889263
phone,original,dev_fpr_0.001,genuine_fpr,0.09019046103241551,0.08272000370382336,0.18417043723426024,0.05797958209226711,0.028421363770719174
phone,original,dev_fpr_0.001,gg_raw_fpr,1.2376556543355843,0.38783961427139674,1.6109228985243629,0.8367249494099724,1.2653191150724175
phone,original,dev_fpr_0.001,gg_minus_genuine_fpr,1.147465193303169,0.3331320087926979,1.4267524612901028,0.7787453673177054,1.2368977513016985
phone,original,dev_fpr_0.001,gf_raw_fnr_core,86.0094329949759,4.524962699402249,87.55767456167332,89.55705936634881,80.91356505690557
phone,original,dev_fpr_0.001,gf_smooth50_fnr_core,90.71567722751973,2.853220492160043,90.03383574284835,93.84804675484466,88.2651491848662
phone,original,dev_fpr_0.005,genuine_fpr,0.44072061420461867,0.2599704075736404,0.6946181305563767,0.45246811122984926,0.1750756008276301
phone,original,dev_fpr_0.005,gg_raw_fpr,5.586882214289504,1.1150111176328228,6.8722857597598965,4.880516586707897,5.007844296400719
phone,original,dev_fpr_0.005,gg_minus_genuine_fpr,5.146161600084886,0.9159438466519197,6.177667629203521,4.428048475478048,4.832768695573089
phone,original,dev_fpr_0.005,gf_raw_fnr_core,61.924536040192756,4.355558278101818,62.54998462011688,65.93355890495232,57.29006459550907
phone,original,dev_fpr_0.005,gf_smooth50_fnr_core,69.27612016815338,5.702626166906614,67.10243002153183,75.74592433097509,64.98000615195323
phone,original,dev_fpr_0.01,genuine_fpr,0.7624504520891597,0.3078343787657562,1.0515904595166095,0.7969350401309656,0.4388258566199041
phone,original,dev_fpr_0.01,gg_raw_fpr,9.443471802217623,1.3584923517696177,10.982014961005888,8.939087333166594,8.409313112480389
phone,original,dev_fpr_0.01,gg_minus_genuine_fpr,8.681021350128464,1.0854139289781741,9.930424501489279,8.142152293035629,7.970487255860485
phone,original,dev_fpr_0.01,gf_raw_fnr_core,47.636624628319495,3.6032717173096924,47.43155952014765,51.338049830821284,44.140264533989544
phone,original,dev_fpr_0.01,gf_smooth50_fnr_core,54.19358146211422,4.99176925363521,52.43002153183636,59.82774530913565,50.32297754537065
phone,original,dev_fpr_0.02,genuine_fpr,1.2221186421409245,0.4218818069109471,1.5722698437961848,1.3403515154271164,0.7537345671994724
phone,original,dev_fpr_0.02,gg_raw_fpr,15.01898547099884,1.5251796773957795,16.59580273299834,14.909847434119278,13.551306245878902
phone,original,dev_fpr_0.02,gg_minus_genuine_fpr,13.796866828857917,1.130265002457455,15.023532889202157,13.569495918692162,12.797571678679432
phone,original,dev_fpr_0.02,gf_raw_fnr_core,32.420793601968626,3.494890202192356,32.23623500461397,36.00430636727161,29.0218394340203
phone,original,dev_fpr_0.02,gf_smooth50_fnr_core,36.71178099046447,4.476048050093895,33.328206705629036,41.787142417717625,35.01999384804675
phone,original,dev_fpr_0.05,genuine_fpr,2.1020440644823903,0.5441152629047443,2.343057229258089,2.484027193560856,1.479047770628226
phone,original,dev_fpr_0.05,gg_raw_fpr,25.076358730663998,2.5129671186870053,25.306382301448355,27.46640594802301,22.456287942520632
phone,original,dev_fpr_0.05,gg_minus_genuine_fpr,22.97431466618161,2.002591906699732,22.963325072190266,24.982378754462154,20.977240171892408
phone,original,dev_fpr_0.05,gf_raw_fnr_core,15.723367169076182,1.241998966791216,15.426022762227007,17.08705013841895,14.657028606582589
phone,original,dev_fpr_0.05,gf_smooth50_fnr_core,17.90731057110633,2.1394259546170424,15.979698554290989,20.209166410335282,17.53306674869271
phone,original,dev_fpr_0.1,genuine_fpr,3.165760972541173,0.7909904676284782,3.3650894704531504,3.8380209635979172,2.294172483572452
phone,original,dev_fpr_0.1,gg_raw_fpr,33.824454499291356,3.643209355578505,32.94604488301766,37.82656146972556,30.70075714513085
phone,original,dev_fpr_0.1,gg_minus_genuine_fpr,30.658693526750188,2.9429062752246415,29.580955412564514,33.98854050612765,28.406584661558398
phone,original,dev_fpr_0.1,gf_raw_fnr_core,7.807853993642982,0.6395763426125578,7.551522608428176,8.53583512765303,7.33620424484774
phone,original,dev_fpr_0.1,gf_smooth50_fnr_core,8.822926279093611,0.90888906720221,7.997539218701938,9.796985542909873,8.674254075669024
phone,original,dev_fpr_0.2,genuine_fpr,5.7081466997112384,1.1319218377442843,5.827516427548259,6.775653122939451,4.521270548646006
phone,original,dev_fpr_0.2,gg_raw_fpr,45.94105030202436,4.5204216632945355,44.601077738114185,50.9799686228144,42.24210454514449
phone,original,dev_fpr_0.2,gg_minus_genuine_fpr,40.23290360231312,3.4793883147067133,38.77356131056593,44.204315499874944,37.720833996498484
phone,original,dev_fpr_0.2,gf_raw_fnr_core,3.2092689428893673,0.6482093148391675,2.4761611811750233,3.7065518302060902,3.4450938172869887
phone,original,dev_fpr_0.2,gf_smooth50_fnr_core,3.419460678765508,0.04943940716186273,3.4758535835127655,3.3835742848354355,3.398954167948324
phone,augmentation,original_dev_eer,genuine_fpr,1.9694110335523674,0.5711337461220233,1.930379027307246,1.4187944794343013,2.5590595939155545
phone,augmentation,original_dev_eer,gg_raw_fpr,4.32724737197123,0.7969636907292209,4.940769877901821,3.4264796161979034,4.614492621813965
phone,augmentation,original_dev_eer,gg_minus_genuine_fpr,2.3578363384188625,0.5656328392142883,3.010390850594575,2.007685136763602,2.05543302789841
phone,augmentation,original_dev_eer,gf_raw_fnr_core,29.954885676202196,3.1646826874528635,26.607197785296833,32.89756997846817,30.359889264841588
phone,augmentation,original_dev_eer,gf_smooth50_fnr_core,29.60627499231006,1.7937849827983199,27.92986773300523,29.39095662872962,31.498000615195327
phone,augmentation,dev_fpr_0.001,genuine_fpr,0.08374828524438584,0.021034369517712828,0.07048498215138355,0.07275869125304109,0.10800118232873286
phone,augmentation,dev_fpr_0.001,gg_raw_fpr,0.11254860053204793,0.04190970780829622,0.09549578226961643,0.08185352765967123,0.16029649166685614
phone,augmentation,dev_fpr_0.001,gg_minus_genuine_fpr,0.028800315287662102,0.02184812427396615,0.025010800118232875,0.00909483640663014,0.05229530933812329
phone,augmentation,dev_fpr_0.001,gf_raw_fnr_core,80.81615913052394,4.455824033666008,85.91202706859427,77.65302983697325,78.88342048600431
phone,augmentation,dev_fpr_0.001,gf_smooth50_fnr_core,86.07095252742747,2.9607107225370237,89.01876345739772,83.0975084589357,86.09658566594895
phone,augmentation,dev_fpr_0.005,genuine_fpr,0.3243824985031415,0.04479168457864899,0.33537209249448624,0.2751188013005616,0.3626566017143767
phone,augmentation,dev_fpr_0.005,gg_raw_fpr,0.6730178940906301,0.16427843288284236,0.6718810395398013,0.5093108387712877,0.8378618039608012
phone,augmentation,dev_fpr_0.005,gg_minus_genuine_fpr,0.3486353955874885,0.12096331867340607,0.336508947045315,0.23419203747072603,0.47520520224642454
phone,augmentation,dev_fpr_0.005,gf_raw_fnr_core,58.49994873372296,1.1963071154849052,59.75084589357122,57.36696401107352,58.38203629652414
phone,augmentation,dev_fpr_0.005,gf_smooth50_fnr_core,63.94955398338973,3.1452142991788623,65.87203937250077,60.31990156874808,65.65672100892033
phone,augmentation,dev_fpr_0.01,genuine_fpr,0.5536481662536095,0.14411172942010414,0.5161319660762602,0.43200472931493145,0.7128078033696369
phone,augmentation,dev_fpr_0.01,gg_raw_fpr,1.199760502641292,0.14502064107556248,1.1448125326845684,1.0902435142447875,1.3642254609945204
phone,augmentation,dev_fpr_0.01,gg_minus_genuine_fpr,0.6461123363876826,0.015476817911266316,0.6286805666083082,0.6582387849298561,0.6514176576248835
phone,augmentation,dev_fpr_0.01,gf_raw_fnr_core,49.48221060186609,0.5796264222917487,50.09227929867733,49.41556444171024,48.9387880652107
phone,augmentation,dev_fpr_0.01,gf_smooth50_fnr_core,53.33230800779248,2.906852157858286,54.38326668717318,50.04613964933866,55.56751768686558
phone,augmentation,dev_fpr_0.02,genuine_fpr,0.8780306647567511,0.2980409714346709,0.7878402037243356,0.6355016939132808,1.2107500966326368
phone,augmentation,dev_fpr_0.02,gg_raw_fpr,2.00086400945863,0.24371414723492107,1.9690320820354243,1.7746299538437051,2.25892999249676
phone,augmentation,dev_fpr_0.02,gg_minus_genuine_fpr,1.1228333447018788,0.06798669035441496,1.1811918783110888,1.1391282599304244,1.048179895864123
phone,augmentation,dev_fpr_0.02,gf_raw_fnr_core,41.58207730954578,1.2612754487588858,40.310673638880345,42.83297446939403,41.602583820362966
phone,augmentation,dev_fpr_0.02,gf_smooth50_fnr_core,43.304624218189275,2.370165904441153,43.755767456167334,40.74131036604122,45.41679483235927
phone,augmentation,dev_fpr_0.05,genuine_fpr,1.6613234502777716,0.5389509971298139,1.562038152838726,1.1789181692094313,2.2430140287851574
phone,augmentation,dev_fpr_0.05,gg_raw_fpr,3.6871982598546342,0.6058297083587793,3.986948909756486,2.989927468679657,4.08471840112776
phone,augmentation,dev_fpr_0.05,gg_minus_genuine_fpr,2.025874809576863,0.34591590354787916,2.42491075691776,1.8110092994702258,1.8417043723426025
phone,augmentation,dev_fpr_0.05,gf_raw_fnr_core,32.20547523838819,3.192687408934248,28.96031990156875,35.34297139341741,32.31313442017841
phone,augmentation,dev_fpr_0.05,gf_smooth50_fnr_core,32.190095355275304,1.9061750441499288,30.667486927099354,31.574900030759768,34.32789910796678
phone,augmentation,dev_fpr_0.1,genuine_fpr,2.6295445760669383,0.6849612351171084,2.6329551397194244,1.9428844273663628,3.312794161115027
phone,augmentation,dev_fpr_0.1,gg_raw_fpr,5.667598887398347,1.1019823453914204,6.627862031331712,4.464427821104568,5.910506809758759
phone,augmentation,dev_fpr_0.1,gg_minus_genuine_fpr,3.0380543113314085,0.8295333532419585,3.9949068916122874,2.521543393738205,2.5977126486437325
phone,augmentation,dev_fpr_0.1,gf_raw_fnr_core,26.509791858915207,3.0013373296617916,23.37742233159028,29.360196862503845,26.791756382651492
phone,augmentation,dev_fpr_0.1,gf_smooth50_fnr_core,26.150927919614478,1.3557289177462872,24.900030759766224,25.96124269455552,27.591510304521687
phone,augmentation,dev_fpr_0.2,genuine_fpr,4.618282136983394,0.8656192508531941,4.547418203315068,3.7902730724631093,5.517155135172006
phone,augmentation,dev_fpr_0.2,gg_raw_fpr,9.421871565751879,1.7093137775660743,11.13890088902026,7.720379254678157,9.406334553557217
phone,augmentation,dev_fpr_0.2,gg_minus_genuine_fpr,4.8035894287684835,1.5484961974926537,6.591482685705191,3.930106182215048,3.8891794183852113
phone,augmentation,dev_fpr_0.2,gf_raw_fnr_core,20.347585358351278,3.199348408033922,16.948631190402953,23.300522916025837,20.79360196862504
phone,augmentation,dev_fpr_0.2,gf_smooth50_fnr_core,20.337332102942685,1.9643147535507652,18.701937865272225,19.793909566287297,22.51614887726853
phone,consistency,original_dev_eer,genuine_fpr,1.9883586093995134,0.7531770793884033,1.331256679020486,1.823514699529342,2.810304449648712
phone,consistency,original_dev_eer,gg_raw_fpr,3.4662695254769105,1.149055174986301,2.872831449944294,2.7352720492940135,4.790705077192424
phone,consistency,original_dev_eer,gg_minus_genuine_fpr,1.477910916077397,0.5371586624043325,1.541574770923808,0.9117573497646713,1.980400627543712
phone,consistency,original_dev_eer,gf_raw_fnr_core,31.6620527017328,6.183599267825028,36.21962473085205,34.14334051061212,24.623192863734236
phone,consistency,original_dev_eer,gf_smooth50_fnr_core,31.826104788270275,4.987787227455749,36.065825899723166,33.08212857582282,26.33035988926484
phone,consistency,dev_fpr_0.001,genuine_fpr,0.0936010246849018,0.04083719114632249,0.04661103658397944,0.1136854550828767,0.1205065823878493
phone,consistency,dev_fpr_0.001,gg_raw_fpr,0.10080110350681733,0.024967700310026496,0.08526409131215752,0.08753780041381505,0.12960141879447942
phone,consistency,dev_fpr_0.001,gg_minus_genuine_fpr,0.007200078821915525,0.03244187979024957,0.03865305472817808,-0.026147654669061646,0.00909483640663014
phone,consistency,dev_fpr_0.001,gf_raw_fnr_core,79.05772582795038,5.210066406153351,84.6970163026761,78.05290679790834,74.4232543832667
phone,consistency,dev_fpr_0.001,gf_smooth50_fnr_core,84.85594176150929,2.863068963257567,88.09597047062442,82.66687173177483,83.80498308212859
phone,consistency,dev_fpr_0.005,genuine_fpr,0.27701355888527623,0.14537668795080705,0.11823287328619177,0.30922443782542464,0.40358336554421226
phone,consistency,dev_fpr_0.005,gg_raw_fpr,0.4748262507294817,0.13924650708508712,0.36720401991769175,0.42518360200995886,0.6320911302607944
phone,consistency,dev_fpr_0.005,gg_minus_genuine_fpr,0.19781269184420547,0.07162183670221231,0.24897114663149997,0.11595916418453427,0.22850776471658218
phone,consistency,dev_fpr_0.005,gf_raw_fnr_core,57.32082436173485,5.984553430303634,63.026760996616424,57.84374038757305,51.09197170101507
phone,consistency,dev_fpr_0.005,gf_smooth50_fnr_core,63.534297139341746,4.066256113426145,68.22516148877268,61.36573362042449,61.01199630882805
phone,consistency,dev_fpr_0.01,genuine_fpr,0.4513312566790205,0.23355098958495174,0.2034969645983493,0.483163184102226,0.6673336213364862
phone,consistency,dev_fpr_0.01,gg_raw_fpr,0.9064520285274702,0.3364442886320588,0.7059866760646643,0.7184920761237807,1.2948773333939656
phone,consistency,dev_fpr_0.01,gg_minus_genuine_fpr,0.4551207718484496,0.20035213648559852,0.5024897114663149,0.23532889202155471,0.6275437120574793
phone,consistency,dev_fpr_0.01,gf_raw_fnr_core,49.80518814723675,6.217741386164238,55.47523838818825,50.784374038757306,43.15595201476469
phone,consistency,dev_fpr_0.01,gf_smooth50_fnr_core,53.41433405106121,4.712572870428931,58.5819747769917,52.30698246693325,49.35404490925869
phone,consistency,dev_fpr_0.02,genuine_fpr,0.7988297977156802,0.3906089520634572,0.4354152929674177,0.7491871489961575,1.2118869511834656
phone,consistency,dev_fpr_0.02,gg_raw_fpr,1.551806461881267,0.5809615966893269,1.2869193515381643,1.1504968054387121,2.2180032286669245
phone,consistency,dev_fpr_0.02,gg_minus_genuine_fpr,0.7529766641655867,0.31421091292304176,0.8515040585707466,0.4013096564425548,1.0061162774834587
phone,consistency,dev_fpr_0.02,gf_raw_fnr_core,42.494617040910484,6.471130369166717,48.0159950784374,44.094124884650874,35.373731159643185
phone,consistency,dev_fpr_0.02,gf_smooth50_fnr_core,44.40684917461294,6.239198590714937,50.53829590895109,44.61704091048908,38.065210704398645
phone,consistency,dev_fpr_0.05,genuine_fpr,1.652986516905027,0.7030790549189734,1.0288533685000343,1.5154271162547464,2.414679065960301
phone,consistency,dev_fpr_0.05,gg_raw_fpr,2.9118634561894154,1.0576489316082303,2.376026011232123,2.229371774175212,4.130192583160911
phone,consistency,dev_fpr_0.05,gg_minus_genuine_fpr,1.258876939284388,0.5065887320158488,1.347172642732089,0.7139446579204656,1.7155135172006095
phone,consistency,dev_fpr_0.05,gf_raw_fnr_core,33.60504460166103,6.384022563081668,38.11135035373731,36.404183328206706,26.299600123039063
phone,consistency,dev_fpr_0.05,gf_smooth50_fnr_core,33.84599610376294,5.001615864521916,37.97293140572132,35.28145186096586,28.28360504460166
phone,consistency,dev_fpr_0.1,genuine_fpr,2.6913136733286342,0.8924216502785157,1.872399445214979,2.5590595939155545,3.6424819808553695
phone,consistency,dev_fpr_0.1,gg_raw_fpr,4.594029239899047,1.3050213806178745,3.9835383461039995,3.7061458357017805,6.092403537891363
phone,consistency,dev_fpr_0.1,gg_minus_genuine_fpr,1.902715566570413,0.6759624097402567,2.1111389008890202,1.1470862417862258,2.449921557035993
phone,consistency,dev_fpr_0.1,gf_raw_fnr_core,28.334871321644624,6.014150509818287,32.23623500461397,31.35958166717933,21.408797293140573
phone,consistency,dev_fpr_0.1,gf_smooth50_fnr_core,28.529683174407875,4.811691740970748,32.266994770839744,30.221470316825595,23.10058443555829
phone,consistency,dev_fpr_0.2,genuine_fpr,4.946833102172908,1.1592261932622916,3.692503581091835,5.169277642618404,5.978718082808485
phone,consistency,dev_fpr_0.2,gg_raw_fpr,8.005729746936177,1.443998621396953,7.748800618448875,6.707441849889725,9.560946772469931
phone,consistency,dev_fpr_0.2,gg_minus_genuine_fpr,3.0588966447632693,1.3381537876499314,4.056297037357041,1.5381642072713217,3.582228689661445
phone,consistency,dev_fpr_0.2,gf_raw_fnr_core,21.234491951194506,4.568998907103408,23.454321747154722,24.269455552137803,15.979698554290989
phone,consistency,dev_fpr_0.2,gf_smooth50_fnr_core,22.552035271198605,3.4056400451640263,24.96155029221778,24.038757305444477,18.655798215933558
